isbn,link
9788383186580,/en/bablinka_sklepik_z_magicznymi_zwierzetami-9788383186580
9788383186597,/en/blyskolisek_sklepik_z_magicznymi_zwierzetami-9788383186597
9788383188348,/en/kolorowa_przyroda_czerwona_mlodzi_przyrodnicy-9788383188348
9788383188355,/en/kolorowa_przyroda_niebieska_mlodzi_przyrodnicy-9788383188355
9788383188362,/en/kolorowa_przyroda_zielona_mlodzi_przyrodnicy-9788383188362
9788383188379,/en/kolorowa_przyroda_zolta_mlodzi_przyrodnicy-9788383188379
9788383188423,/en/mis_pracus_opiekun_w_zoo-9788383188423
9788383188430,/en/mis_pracus__na_wsi-9788383188430
9788383188805,/en/jak_to_dziala_koparka-9788383188805
9788383188829,/en/bibi_i_babel_na_tropie_zmorka_wakacje_w_gorach-9788383188829
9788383188867,/en/ksiazkozercy_czytam_i_rozwiazuje_poziom_1_tom_1-9788383188867
9788383188874,/en/ksiazkozercy_czytam_i_rozwiazuje_poziom_2_tom_1-9788383188874
9788383188881,/en/ksiazkozercy_czytam_i_rozwiazuje_poziom_3_tom_1-9788383188881
9788383189178,/en/dziennik_29_zapomnienie-9788383189178
9788383190082,/en/bibi_i_babel_na_tropie_zmorka_nocne_strachy-9788383190082
9788383190198,/en/menopauzing-9788383190198
9788383190822,/en/za_duzo_jak_uratowac_trudny_dzien-9788383190822
9788383190846,/en/emi_i_tajny_klub_superdziewczyn_dookola_swiata_lon-9788383190846
9788383191539,/en/mis_pracus_swieta_ksiazka_z_naklejkami-9788383191539
9788383191812,/en/ania_robaczek_i_dzielny_motylek-9788383191812
9788383191867,/en/hela_sama_idzie_do_przedszkola-9788383191867
9788383191874,/en/swiatla-_drama-_akcja_harper_drew-9788383191874
9788383192116,/en/traktory_i_ciezarowki_lubie_naklejac-9788383192116
9788383192130,/en/motyle_lubie_naklejac-9788383192130
9788383192567,/en/mopsik-_ktory_chcial_miec_urodziny-9788383192567
9788383192659,/en/bibi_i_babel_na_tropie_zmorka_nad_woda-9788383192659
9788383193588,/en/przydaj_sie_siedem_zasad_lepszego_zycia-9788383193588
9788383194011,/en/przyjaciel_balwanek_wykrojnik-9788383194011
9788383194059,/en/psotny_elfik_wykrojnik-9788383194059
9788383194462,/en/cialo_czlowieka_pierwsza_encyklopedia-9788383194462
9788383194615,/en/mopsorozek_i_milonka_sklepik_z_magicznymi_zwierzet-9788383194615
9788383194622,/en/insomnia-9788383194622
9788383194714,/en/karnawal-9788383194714
9788383194769,/en/unwind_tom_1_podzieleni-9788383194769
9788383194905,/en/wierszowana_biblia-9788383194905
9788383195209,/en/kocham_cie-9788383195209
9788383195216,/en/jestes_wyjatkowa-9788383195216
9788383195865,/en/mila_biedronka_wykrojnik-9788383195865
9788383195896,/en/pracowita_pszczolka_wykrojnik-9788383195896
9788383195926,/en/wielkanocny_zajaczek_wykrojnik-9788383195926
9788383195957,/en/atlas_przedszkolaka_atlas_polski-9788383195957
9788383195988,/en/ciekawska_krowka_wykrojnik-9788383195988
9788383196039,/en/akademia_jednorozcow_zaproszenie_sophii-9788383196039
9788383196053,/en/dwor_cierni_i_roz_saga_dwor_cierni_i_roz_tom_1-9788383196053
9788383196060,/en/dwor_mgiel_i_furii_saga_dwor_cierni_i_roz_tom_2-9788383196060
9788383196619,/en/gwiazdka_mikolaja-9788383196619
9788383196855,/en/rakowiska-9788383196855
9788383196886,/en/zolc_kolory_zla_tom_4-9788383196886
9788383197241,/en/jak_bialy_czlowiek_opowiesc_o_polakach_i_innych-9788383197241
9788383197302,/en/koniec_opowiesci-9788383197302
9788383198071,/en/spioszkorozka_sklepik_z_magicznymi_zwierzetami-9788383198071
9788383198712,/en/atlas_flag_swiata_z_naklejkami_i_plakatem-9788383198712
9788383198835,/en/biel_kolory_zla_tom_3-9788383198835
9788383201689,/en/gabriel_crazy_love_tom_1-9788383201689
9788383202402,/en/clone_students_tom_1-9788383202402
9788383203614,/en/for_sure_not_you-9788383203614
9788383204406,/en/co_wyszeptal_nam_deszcz-9788383204406
9788383206455,/en/sloneczny_gon_post_mortem_tom_1-9788383206455
9788383208275,/en/krolestwo_wron_tom_1_dom_trzepoczacych_skrzydel-9788383208275
9788383209739,/en/miasteczko_sleepy_hollow-9788383209739
9788383209807,/en/dom_bijacych_serc_krolestwo_wron_tom_2-9788383209807
9788383209814,/en/the_science_of_temptation_dylogia_science_tom_1-9788383209814
9788383210018,/en/czerwone_saneczki-9788383210018
9788383210049,/en/czaromarownik_2023-9788383210049
9788383210094,/en/swiateczna_mordercza_gra-9788383210094
9788383210148,/en/grudzien_drugich_szans-9788383210148
9788383210995,/en/slowianska_wiedzma_rytualy-_przepisy_i_zaklecia_na-9788383210995
9788383211510,/en/trauma_niewidzialna_epidemia_jak_ja_oswoic-9788383211510
9788383213460,/en/umysl_doskonaly_wyd_2023-9788383213460
9788383213552,/en/dark-9788383213552
9788383214320,/en/iskry_jak_gwiazdy-9788383214320
9788383214375,/en/rodzinna_gra-9788383214375
9788383214900,/en/pani_doliny-9788383214900
9788383215723,/en/morderstwo_w_swiatecznym_ekspresie-9788383215723
9788383215754,/en/czaromarownik_2024-9788383215754
9788383215792,/en/moc_dobrych_wibracji_uwolnij_sie_od_oceniania_i_wy-9788383215792
9788383216003,/en/tylko_ona_zostala-9788383216003
9788383216201,/en/krolestwo_slodyczy_i_rozkoszy_wicked_darlings_tom_-9788383216201
9788383216249,/en/hip-_hip-_kura-9788383216249
9788383216423,/en/kury_z_grubej_rury_tom_1-9788383216423
9788383217611,/en/silna_jak_rzeka_ksiazka_o_rodzicielskiej_milosci-9788383217611
9788383217727,/en/uzdrawiajaca_moc_serca_moja_osobista_podroz_i_zaaw-9788383217727
9788383217741,/en/kontratak-9788383217741
9788383217772,/en/krolestwo_serc_i_pozadania_wicked_darlings_tom_2-9788383217772
9788383217857,/en/idealny_kamyk_ksiazka_o_sile_rodziny-9788383217857
9788383217918,/en/nigdy_nie_umieramy_tajemnice_zycia_po_zyciu-9788383217918
9788383219011,/en/czakry_i_dieta_klucz_do_zdrowia_i_harmonii-9788383219011
9788383223148,/en/jestes_prawdziwym_przyjacielem-_pinku_ksiazka_o_re-9788383223148
9788383223186,/en/subtelnie_mowie_fk_sprzeczna_z_logika_metoda_na_sz-9788383223186
9788383223421,/en/narcyz_jak_nie_dac_sie_skrzywdzic_i_jak_nie_krzywd-9788383223421
9788383224176,/en/od_zera_do_miliardera_18_regul_bogacenia_sie_i_kor-9788383224176
9788383224183,/en/uwierz_w_siebie_i_dzialaj_w2-9788383224183
9788383224558,/en/blekitny_umysl_mysl_na_odwrot-_dzialaj_na_opak-_po-9788383224558
9788383226750,/en/uwiezieni_we_wlasnej_glowie_jak_zrozumiec_przeszlo-9788383226750
9788383227788,/en/psychopata_w_pracy-_w_rodzinie_i_wsrod_znajomych_i-9788383227788
9788383227993,/en/flawless_opowiedz_mi_nasza_historie-9788383227993
9788383228716,/en/odzyskaj_siebie_zycie_po_toksycznym_zwiazku_i_prze-9788383228716
9788383229096,/en/mistrzowskie_domykanie_transakcji_klucz_do_zarabia-9788383229096
9788383229119,/en/jedyny_taki_coach_sekretny_system_przelamywania-9788383229119
9788383229195,/en/punkt_skupienia_uprosc_swoje_zycie-_zwieksz_produk-9788383229195
9788383290201,/en/tomo_niezwykly_przyjaciel-9788383290201
9788383290287,/en/lilie_wyd_specjalne-9788383290287
9788383290300,/en/czerwoniec-9788383290300
9788383290935,/en/burza-9788383290935
9788383291024,/en/geriatryczne_biuro_sledcze-9788383291024
9788383291512,/en/swiateczne_duchobranie-9788383291512
9788383292113,/en/nagonka-9788383292113
9788383292410,/en/sanitariuszka-9788383292410
9788383292571,/en/podaj_dalej-9788383292571
9788383293257,/en/czarcie_lustro-9788383293257
9788383293264,/en/klejnoty_dubaju_almas-_diament_pustyni-9788383293264
9788383293288,/en/piloci-9788383293288
9788383293394,/en/matylda_droga_ku_przyszlosci-9788383293394
9788383294148,/en/nie_aniol-9788383294148
9788383294216,/en/jej_wszystkie_zycia-9788383294216
9788383295701,/en/szeptucha_na_oltarzu_ciszy-9788383295701
9788383296326,/en/miasto_mgiel-9788383296326
9788383296340,/en/noc_cudow-9788383296340
9788383296913,/en/hotel_w_zakopanem-9788383296913
9788383296937,/en/szeptucha_jestem_twoim_domem-9788383296937
9788383298498,/en/zla_przeszlosc-9788383298498
9788383300177,/en/lewy_chlopak-_ktory_zachwycil_swiat_wydarzylo_sie_-9788383300177
9788383301259,/en/lukasz_piszczek_mentalnosc_sportowca-9788383301259
9788383301310,/en/aniolowie_o_brudnych_twarzach_pilkarska_historia_a-9788383301310
9788383302362,/en/instytut_absurdu-9788383302362
9788383302539,/en/napad_na_bank_prawdziwa_historia_gangu_albanii-9788383302539
9788383302669,/en/cristiano_ronaldo_biografia-9788383302669
9788383302966,/en/czarodziejka_z_ulicy_grodzkiej-9788383302966
9788383302997,/en/przeminelo_z_wiedzma-9788383302997
9788383304441,/en/dzin-9788383304441
9788383304540,/en/ja-_ibra-9788383304540
9788383304878,/en/w_swietle_nocy-9788383304878
9788383305592,/en/harde_bestie-9788383305592
9788383305752,/en/cienie_z_donlonu_cienie_avy_carey-9788383305752
9788383305790,/en/kraj_kobiet-9788383305790
9788383305912,/en/o_tajemniczych_przesylkach-_latajacym_jezu_i_nauce-9788383305912
9788383305974,/en/cztery_zywioly_magii-9788383305974
9788383307190,/en/dziewczyna_z_przekletej_wyspy_nikita_kroniki_sasie-9788383307190
9788383309378,/en/sekret_prawie_bylego_meza_gracje_z_ustki-9788383309378
9788383309408,/en/klatwy_i_pierniczki_opowiadania_ze_swiata_thornu-9788383309408
9788383350370,/en/jak_sprzedac_nawiedzony_dom-9788383350370
9788383351834,/en/2_miliony_za_grunwald-9788383351834
9788383352039,/en/zywe_trupy-9788383352039
9788383352473,/en/dzieje_polski_opowiedziane_dla_mlodziezy-9788383352473
9788383354132,/en/duch_na_rozstaju_drog_bozonarodzeniowa_antologia_o-9788383354132
9788383354644,/en/brzydcy_ludzie-9788383354644
9788383354811,/en/daydream_maple_hills-9788383354811
9788383354965,/en/bridget_jones_szalejac_za_facetem-9788383354965
9788383380063,/en/8_nawyk-9788383380063
9788383380315,/en/burza_the_darkening_tom_1-9788383380315
9788383380568,/en/zrozumiec_zbrodnie-9788383380568
9788383380742,/en/badz_jak_woda-_przyjacielu_nauki_brucea_lee-9788383380742
9788383380803,/en/toksyczni_mezczyzni-9788383380803
9788383380810,/en/zdobadz_pewnosc_siebie_i_poczucie_wlasnej_wartosci-9788383380810
9788383380827,/en/zdobadz_bogactwo_i_odnies_sukces_wykorzystaj_swoj_-9788383380827
9788383380926,/en/fake_news-9788383380926
9788383381114,/en/dar_12_lekcji-_dzieki_ktorym_odmienisz_swoje_zycie-9788383381114
9788383381145,/en/problem_trzech_cial_wspomnienie_o_przeszlosci_ziem-9788383381145
9788383381152,/en/ciemny_las_wspomnienie_o_przeszlosci_ziemi_tom_2_w-9788383381152
9788383381596,/en/strefa_interesow-9788383381596
9788383381602,/en/diuna-9788383381602
9788383381619,/en/powtorka-9788383381619
9788383381770,/en/anatomia_ludzkiej_destrukcyjnosci-9788383381770
9788383381930,/en/dzien_tryfidow-9788383381930
9788383382081,/en/dni_smiertelnego_strachu-9788383382081
9788383382258,/en/prorok_diuna_powiesc_graficzna_ksiega_3-9788383382258
9788383382319,/en/magia_umyslu-9788383382319
9788383382340,/en/wyklety-9788383382340
9788383382364,/en/kostnica-9788383382364
9788383382395,/en/tengu-9788383382395
9788383382449,/en/sztuka_szczescia_poradnik_zycia_wyd_2024-9788383382449
9788383382463,/en/poczwarki-9788383382463
9788383382623,/en/diuna_rod_atrydow-9788383382623
9788383382654,/en/sztuka_szczescia_w_trudnych_czasach_wyd_2024-9788383382654
9788383382760,/en/zgromadzenie_zenskie_z_diuny-9788383382760
9788383382777,/en/izrael_na_wojnie_100_lat_konfliktu_z_palestynczyka-9788383382777
9788383382784,/en/diuna_rod_harkonnenow-9788383382784
9788383383675,/en/kobiety-_ktore_pragna_zmiany-9788383383675
9788383420516,/en/miasto_demonow_tom_1-9788383420516
9788383424866,/en/skwir-9788383424866
9788383428741,/en/poison_study_the_chronicles_of_ixia_tom_1-9788383428741
9788383430027,/en/taka_jak_ty-9788383430027
9788383430201,/en/dziewczeta_z_mokradel-9788383430201
9788383430775,/en/kopnij_w_kalendarz_trylogia_funeralna_tom_2-9788383430775
9788383430874,/en/kochankowie_z_auschwitz-9788383430874
9788383430911,/en/dom_posrod_sosen-9788383430911
9788383431468,/en/jeden_miesiac_na_milosc-9788383431468
9788383431888,/en/dusze_spopielone-9788383431888
9788383432496,/en/niepoznany_mimo_wszystko_tom_1-9788383432496
9788383433011,/en/sasiadka-9788383433011
9788383433257,/en/corki_warszawy-9788383433257
9788383433288,/en/zdazyc_przed_smiercia-9788383433288
9788383433516,/en/zabic_redferna-9788383433516
9788383434117,/en/w_gluszy-9788383434117
9788383434926,/en/tysiac_powodow-_by_kochac-9788383434926
9788383480350,/en/naturalna_apteka_wspomaganie_leczenia_chorob_autoi-9788383480350
9788383480718,/en/jak_to_dziala_dinozaury-9788383480718
9788383480787,/en/ksiega_swiat_bozego_narodzenia-9788383480787
9788383480886,/en/krolowa_sniegu_i_inne_basnie_wyd_ekskluzywne-9788383480886
9788383480909,/en/noc_wigilijna_i_inne_wiersze_wyd_ekskluzywne-9788383480909
9788383480916,/en/dziadek_do_orzechow_wyd_ekskluzywne-9788383480916
9788383481012,/en/ksiega_literek-9788383481012
9788383481029,/en/ksiega_ksztaltow-9788383481029
9788383481036,/en/ksiega_szlaczkow-9788383481036
9788383481043,/en/ksiega_zagadek-9788383481043
9788383481050,/en/ksiega_cyferek-9788383481050
9788383481135,/en/dieta_przeciwzapalna_przepisy_porady_zdrowe_nawyki-9788383481135
9788383481159,/en/swiety_mikolaj_samochodzik_franek-9788383481159
9788383481616,/en/moja_encyklopedia_zwierzat-9788383481616
9788383481630,/en/ogrodnik_samochodzik_franek-9788383481630
9788383481746,/en/samochodzik_franek_najlepszy_przyjaciel-9788383481746
9788383481876,/en/sowa_sonia_interaktywna_ksiazka_dla_2-4_latka-9788383481876
9788383482040,/en/w_domu_dino_i_zaurus_3-latek_akademia_madrego_malu-9788383482040
9788383482057,/en/w_przedszkolu_dino_i_zaurus_3-latek_akademia_madre-9788383482057
9788383482064,/en/w_podrozy_dino_i_zaurus_4-latek_akademia_madrego_m-9788383482064
9788383482071,/en/pojazdy_dino_i_zaurus_4-latek__akademia_madrego_ma-9788383482071
9788383483672,/en/przy_ognisku_samochodzik_franek-9788383483672
9788383483689,/en/w_krainie_jezior_samochodzik_franek-9788383483689
9788383483795,/en/survival_samochodzik_franek-9788383483795
9788383484617,/en/cwiczenia_dla_przedszkolakow_z_elementami_metody_m-9788383484617
9788383502229,/en/kubus_puchatek_i_ja-9788383502229
9788383502236,/en/kubus_puchatek_u_krola-9788383502236
9788383503677,/en/swiat_w_obrazkach_dinozaury_i_prehistoria-9788383503677
9788383520070,/en/psia_gwiazda_kobiety_z_rodziny_wierzbickich_tom_1-9788383520070
9788383520551,/en/sprawa_diabla-9788383520551
9788383520742,/en/matki-_zony-_czarownice_sekret_dziedzictwa_tom_1-9788383520742
9788383520759,/en/miedzy_mlotem_a_imadlem-9788383520759
9788383520797,/en/holly-9788383520797
9788383520957,/en/zalotnice_i_wiedzmy_sekret_dziedzictwa_tom_2-9788383520957
9788383521282,/en/kubus_puchatek_wersja_dwujezyczna_winnie_the_pooh-9788383521282
9788383521299,/en/bezglos-9788383521299
9788383521305,/en/corki_swoich_matek-9788383521305
9788383521312,/en/dni-_tygodnie_i_miesiace_z_sowa-_jezem_i_zajacem-9788383521312
9788383521329,/en/klatwa_pramatki-9788383521329
9788383521657,/en/wilczy_ksiezyc_kobiety_z_rodziny_wierzbickich-9788383521657
9788383521701,/en/antykwariat_cudzych_wspomnien-9788383521701
9788383521787,/en/luksus_arabskich_palacow-9788383521787
9788383521824,/en/nigdy_nie_jest_za_pozno_na_siebie-9788383521824
9788383521923,/en/dziewczyna_ze_stetoskopem-9788383521923
9788383522142,/en/kobiety_z_czerwonych_bagien-9788383522142
9788383522166,/en/trzcinowisko_detektyw_aleksander_zamojski_tom_1-9788383522166
9788383522265,/en/zezowate_szczescie_tekli_t3_na_psa_urok-_osci-9788383522265
9788383522296,/en/gaslighting_jak_uwolnic_sie_od_przemocy_w_relacjac-9788383522296
9788383522432,/en/poradnik_princzypesy-9788383522432
9788383522937,/en/martwa_strefa_wyd_2024-9788383522937
9788383523446,/en/plebania-9788383523446
9788383523637,/en/serce_vilvena-9788383523637
9788383523811,/en/luksus_arabskich_palacow_tom_2-9788383523811
9788383523873,/en/lsnienie-9788383523873
9788383523934,/en/jo-9788383523934
9788383524016,/en/10_zyc_opheli_grey-9788383524016
9788383524122,/en/apartament_w_stylu_hampton-9788383524122
9788383524153,/en/wojna_okiem_generala-9788383524153
9788383524290,/en/ulice_ciem-9788383524290
9788383530895,/en/podaj_reke_opowiesc_o_szczesciu_i_pomaganiu-9788383530895
9788383531335,/en/do_nieskonczonosci_opowiesc_o_milosci_ktora_nie_ma-9788383531335
9788383531342,/en/historie_swietych_w_komiksie-9788383531342
9788383532783,/en/oto_baranek_bozy_pamiatka_pierwszej_komunii_sw-9788383532783
9788383570204,/en/swiatla_w_popiolach-9788383570204
9788383570228,/en/milosc_pod_skrzydlami_aniola-9788383570228
9788383570235,/en/kolekcja_straconych_chwil-9788383570235
9788383570259,/en/pakiet_lekarka_nazistow_-_zlodziejka_listow_-_agen-9788383570259
9788383570310,/en/skandalistki-9788383570310
9788383570389,/en/99_ofiar_tytusa_mayera-9788383570389
9788383570396,/en/geneza_zla-9788383570396
9788383570464,/en/pakiet_sekret_magika_-_sekret_swiat_-_sekret_skarb-9788383570464
9788383570969,/en/fourth_wing_czwarte_skrzydlo_hype-9788383570969
9788383572345,/en/ja_tu_tylko_zabijam-9788383572345
9788383572352,/en/kochanka_nazistow-9788383572352
9788383572369,/en/zmija_i_skrzydla_nocy-9788383572369
9788383572376,/en/do_konca_moich_dni-9788383572376
9788383572383,/en/365_dni-_ktore_zmienia_twoje_zycie-9788383572383
9788383572390,/en/czas_smierci-9788383572390
9788383572406,/en/jestem_cichy-9788383572406
9788383572413,/en/operacja_mir-9788383572413
9788383572598,/en/dzien-_w_ktorym_leopold_czul_zlosc-9788383572598
9788383572628,/en/zona_lekarza-9788383572628
9788383572673,/en/ptasznik-9788383572673
9788383572697,/en/kobieta-_ktora_sklamala-9788383572697
9788383572994,/en/ted_bundy_umysl_mordercy-9788383572994
9788383573045,/en/nie_odwracaj_wzroku-9788383573045
9788383573052,/en/iron_flame_zelazny_plomien-9788383573052
9788383573151,/en/gorsze_niz_smierc-9788383573151
9788383573618,/en/tysiac_pocalunkow_edycja_limitowana-9788383573618
9788383573632,/en/polana-9788383573632
9788383573656,/en/traumy_dziecinstwa_jak_przelamanie_rodzinnych_wzor-9788383573656
9788383573724,/en/pieklo_sierocinca_historia_tajemniczych_smierci-_z-9788383573724
9788383573762,/en/podroz_z_toba-9788383573762
9788383574059,/en/demon_copperhead-9788383574059
9788383574103,/en/wszyscy_jestesmy_mordercami-9788383574103
9788383574110,/en/moj_slodki_aniolku-9788383574110
9788383574127,/en/berdo-9788383574127
9788383574189,/en/chaos_i_spolka_na_tropie_tajemnica_zaginionego_kon-9788383574189
9788383574219,/en/smierc_na_wage_zlota-9788383574219
9788383574226,/en/obiecaj-_ze_wrocisz-9788383574226
9788383574233,/en/gdy_zamkne_oczy-9788383574233
9788383574905,/en/zemsta_rodzicow-9788383574905
9788383574929,/en/zodiak-9788383574929
9788383574967,/en/szczescie_na_wage-9788383574967
9788383575513,/en/zakochany_w_zakonnicy-9788383575513
9788383575568,/en/zamkniety_pokoj-9788383575568
9788383575643,/en/epidemia_samotnosci_jak_budowac_trwale_wiezi_we_ws-9788383575643
9788383576053,/en/morderca_w_naszej_rodzinie-9788383576053
9788383576060,/en/apogeum_zla-9788383576060
9788383576138,/en/nienawisc_historie_z_dziecinstwa-9788383576138
9788383576152,/en/czas_poswiecenia-9788383576152
9788383576169,/en/dobrzy_uczniowie_nie_zabijaja-9788383576169
9788383576206,/en/berdo-9788383576206
9788383576572,/en/tysiac_zlamanych_serc-9788383576572
9788383576602,/en/kazdy_moze_zginac-9788383576602
9788383576626,/en/wdowa_po_lekarzu-9788383576626
9788383576657,/en/zloty_chlopak-9788383576657
9788383576671,/en/czarna_wdowa-9788383576671
9788383576756,/en/wroc_do_domu-9788383576756
9788383577500,/en/kim_jestes_mikolaju-9788383577500
9788383577524,/en/zla_siostra-9788383577524
9788383577548,/en/nigdy_sie_nie_poddam-9788383577548
9788383577555,/en/przekleci-9788383577555
9788383577609,/en/drewniany_aniolek-9788383577609
9788383577654,/en/zima_w_zapomnianym_schronisku-9788383577654
9788383577661,/en/blekitna_godzina-9788383577661
9788383577715,/en/cienie_posrod_mroku-9788383577715
9788383577760,/en/przerwa_swiateczna-9788383577760
9788383578361,/en/krolowa_lodu-9788383578361
9788383578385,/en/niezwykle_przypadki_bristol_keats-9788383578385
9788383578422,/en/pakiet_listy_zza_grobu_-_glosy_z_zaswiatow_-_szept-9788383578422
9788383579658,/en/uwierz_jej-9788383579658
9788383579665,/en/inauguracja-9788383579665
9788383579696,/en/lesniczowka_wszebory-9788383579696
9788383579702,/en/kochanka_lekarza-9788383579702
9788383579719,/en/bezkarny-9788383579719
9788383579726,/en/ostatni_z_listy-9788383579726
9788383579740,/en/grota-9788383579740
9788383579764,/en/onyx_storm_onyksowa_burza-9788383579764
9788383579818,/en/warszawski_niebotyk-9788383579818
9788383579979,/en/katnik-9788383579979
9788383600024,/en/opowiesc_podrecznej-9788383600024
9788383600031,/en/otoczeni_przez_narcyzow_jak_obchodzic_sie_z_tymi-_-9788383600031
9788383600109,/en/niusia_z_listy_schindlera_historia_ocalenia-9788383600109
9788383600253,/en/oryks_i_derkacz-9788383600253
9788383601038,/en/made_in_poland_wspomnienia_zolnierza_kedywu_stanis-9788383601038
9788383601274,/en/miliarder-9788383601274
9788383601281,/en/otoczeni_przez_klamcow-9788383601281
9788383601809,/en/dziczek-9788383601809
9788383610474,/en/przyjaciolka-9788383610474
9788383610559,/en/juz_mnie_nie_oszukasz_wydanie_filmowe-9788383610559
9788383610573,/en/wybrzeze_szpiegow_cykl_maggie_bird_tom_1_wydanie_k-9788383610573
9788383610689,/en/niedzielni_zapomniani-9788383610689
9788383610702,/en/do_trzech_razy_smierc_seria_niemozliwe_zbrodnie_to-9788383610702
9788383610948,/en/rozwod-9788383610948
9788383611945,/en/dziewczyna_z_wrzosowisk_barwione_krawedzie-9788383611945
9788383612430,/en/najczarniejszy_strach-9788383612430
9788383612447,/en/tesknie_za_toba-9788383612447
9788383612645,/en/ktos_inny-9788383612645
9788383613420,/en/bez_sladu-9788383613420
9788383613468,/en/wszyscy_mamy_tajemnice-9788383613468
9788383613680,/en/dziewczyna_z_wrzosowisk-9788383613680
9788383613826,/en/zliczyc_cuda-9788383613826
9788383614175,/en/sklep_pory_deszczowej_ilustrowane_krawedzie_bialo--9788383614175
9788383614434,/en/za_zamknietymi_drzwiami_wydanie_z_dwoma_opowiadani-9788383614434
9788383614496,/en/korzenie-9788383614496
9788383622033,/en/gnijace_miasteczko-9788383622033
9788383622675,/en/dylogia_science_tom_2_the_science_of_affection-9788383622675
9788383623474,/en/post_mortem_tom_2_gwiezdne_lowy-9788383623474
9788383623559,/en/dom_skladanych_obietnic_krolestwo_wron_tom_3-9788383623559
9788383623580,/en/ktos_inny-9788383623580
9788383624808,/en/krew_i_herbata_tom_1_herbaciany_sztorm-9788383624808
9788383625782,/en/niespodziewana_milosc-9788383625782
9788383640044,/en/sekrety_rodziny_winnickich-9788383640044
9788383640525,/en/czule_poranki-_bezsenne_noce-9788383640525
9788383640594,/en/herbaciarnia_pod_jasminem-9788383640594
9788383640679,/en/ulotny_zapach_czeresni-9788383640679
9788383640860,/en/jasminowe_babeczki-9788383640860
9788383641034,/en/szept_lawendowego_ogrodu-9788383641034
9788383641287,/en/wioska_malych_cudow-9788383641287
9788383641324,/en/aniol_na_glowce_od_szpilki-9788383641324
9788383641362,/en/sekrety_pachnace_lawenda-9788383641362
9788383641775,/en/sto_mil_ciszy-9788383641775
9788383670140,/en/nieoficjalna_wielka_ksiega_zaklec_harryego_pottera-9788383670140
9788383670553,/en/matki_na_fejsie-9788383670553
9788383670959,/en/bebechy-_czyli_cialo_czlowieka_pod_lupa_wyd_2024-9788383670959
9788383671260,/en/paddington_w_peru-9788383671260
9788383710013,/en/astrid_i_kosmiczni_kadeci_t1_atak_kosmoslimakow-9788383710013
9788383710020,/en/piata_kura_u_wozu-9788383710020
9788383710242,/en/pol_zycia_milosci-9788383710242
9788383710556,/en/dzika_spizarnia_wykorzystaj_dary_lasu-_laki_i_ogro-9788383710556
9788383711140,/en/wakacje_pod_morzem-9788383711140
9788383712307,/en/zanim_zostalismy_potworami-9788383712307
9788383713168,/en/astrologia_magiczna_jak_wykorzystac_energie_planet-9788383713168
9788383713199,/en/pokonaj_choroby_autoimmunologiczne_5_krokow_do_zdr-9788383713199
9788383713236,/en/ksiegarnia_napojow_ksiezyca__ilustrowane_brzegi-9788383713236
9788383713298,/en/na_zawsze-_young_ilustrowane_brzegi-9788383713298
9788383713526,/en/magia_domowa_zaklecia_i_rytualy_dla_czterech_katow-9788383713526
9788383713588,/en/wyscig_z_planety_groza_astrid_i_kosmiczni_kadeci_t-9788383713588
9788383713601,/en/swiateczna_mordercza_ukladanka-9788383713601
9788383713649,/en/astrogenealogia_odkryj-_kim_jestes-_i_napraw_dzied-9788383713649
9788383713656,/en/czaromarownik_2025-9788383713656
9788383713694,/en/sklam_ze_mna_w_te_swieta-_kochanie-9788383713694
9788383713847,/en/zasniezeni-9788383713847
9788383713861,/en/mozg_w_rownowadze_jak_zbudowac_odpornosc_psychiczn-9788383713861
9788383713892,/en/akademia_zbrodni_jak_zamordowac_swojego_szefa-9788383713892
9788383713939,/en/kolor_rzeczy_niewidzialnych-9788383713939
9788383713991,/en/praktyczna_magia_sigili_na_podstawie_prac_austina_-9788383713991
9788383714332,/en/dom_po_drugiej_stronie_jeziora-9788383714332
9788383714455,/en/odwazne_dusze_odkryj_prawdziwe_znaczenie_zycia-_kt-9788383714455
9788383714479,/en/metagenealogia_odkrywanie_siebie_za_pomoca_psychom-9788383714479
9788383714493,/en/sekretny_jezyk_twojego_ciala_kompletny_przewodnik-9788383714493
9788383714691,/en/wednesday_adaptacja_sezonu_1-9788383714691
9788383715018,/en/idealne_swieta_pingwinek_i_szczeniak-9788383715018
9788383715063,/en/anioly_i_duchowi_przewodnicy_jak_nawiazac_kontakt_-9788383715063
9788383715070,/en/zycie_miedzy_wcieleniami-9788383715070
9788383715087,/en/pakiet_wedrowka_dusz-_przeznaczenie_dusz-_zycie_mi-9788383715087
9788383715261,/en/wigilia_u_lisa-9788383715261
9788383715735,/en/wiecej_niz_jedno_zycie-9788383715735
9788383715766,/en/w_noc_wigilijna-9788383715766
9788383715865,/en/kapitan_mops_przygoda_na_pelnym_morzu_przygody_mop-9788383715865
9788383716534,/en/jak_nie_dac_sie_pozrec_rekinom_i_inne_niezyciowe_p-9788383716534
9788383717449,/en/wspomnienia_z_wedrowki_dusz_studia_czlonkow_instyt-9788383717449
9788383718989,/en/przebudzenie_umyslu_osiagnij_pozytywny_stan_umyslu-9788383718989
9788383719016,/en/kolekcjonerka_sierot-9788383719016
9788383719184,/en/ludowe_czarownictwo_magiczne_tradycje-_praktyki_i_-9788383719184
9788383719269,/en/zaufaj_sobie_jak_odkryc_moc_wewnetrznego_uzdrowici-9788383719269
9788383730882,/en/objawienie-9788383730882
9788383730943,/en/na_zawsze_i_na_wiecznosc-9788383730943
9788383731148,/en/stella_oblicza_zemsty-9788383731148
9788383731513,/en/deja_vu_wyd_2-9788383731513
9788383732312,/en/poczuj_te_sile-9788383732312
9788383732404,/en/dziadek-9788383732404
9788383732480,/en/akela-9788383732480
9788383733753,/en/oops-9788383733753
9788383733791,/en/miales_juz_nigdy_nie_wrocic-9788383733791
9788383733937,/en/jestes_moim_sloncem-9788383733937
9788383733999,/en/ostatni_krol_tom_1_wojownicy_dwoch_mieczy_tom_2_ku-9788383733999
9788383734071,/en/byc_zona_po_raz_drugi_porozwodzie-9788383734071
9788383734392,/en/brama_umarlych-9788383734392
9788383734422,/en/droga_drogo-_czyli_szlak_latino-9788383734422
9788383734668,/en/dziedzctwo_rosette-9788383734668
9788383735092,/en/wyspa_luzu-9788383735092
9788383735320,/en/na_skrzydlach_przeznaczenia-9788383735320
9788383736143,/en/stella_pragnienie_wolnosci-9788383736143
9788383736792,/en/la_polonaise-9788383736792
9788383736921,/en/rewers-9788383736921
9788383740645,/en/zwierzeta_polski_atlas_dla_dzieci-9788383740645
9788383740652,/en/polska_moj_kraj_ojczysty-9788383740652
9788383740669,/en/za_gorami-_za_morzami_basnie_swiata-9788383740669
9788383740751,/en/ladnie_pisze_kaligrafia_ksiazka_z_rowkami_wzory_3d-9788383740751
9788383750583,/en/traktat_o_higienie_z_dziejow_dra_skorzewskiego-9788383750583
9788383800004,/en/odkupienie-9788383800004
9788383800523,/en/ogarnij_tarczyce_jak_odzyskac_zdrowie_i_sily_przy_-9788383800523
9788383800806,/en/kairos-9788383800806
9788383800844,/en/blady_swit-9788383800844
9788383801063,/en/wyczerpani_jak_odzyskac_radosc_zycia_w_swiecie-_kt-9788383801063
9788383801117,/en/po_doroslemu_madame_monday_wyd_2025-9788383801117
9788383801278,/en/niewygodna-9788383801278
9788383801384,/en/powiedzmy_to_sobie_jasno_jak_prosto_sie_komunikowa-9788383801384
9788383801872,/en/rzeczpospolita_kryzysowa_dwadziescia_lat_spaceru_p-9788383801872
9788383802114,/en/teatr_rodzina_patologiczna-9788383802114
9788383820552,/en/opowiesci_dla_dzieci-_ktore_chca_byc_szczesliwe_35-9788383820552
9788383820569,/en/uwaznosc_trening_pokonywania_codziennych_trudnosci-9788383820569
9788383820613,/en/zly-9788383820613
9788383820774,/en/asystentka-9788383820774
9788383821146,/en/gdziekolwiek_jestes-_badz-9788383821146
9788383822174,/en/kiedy_cialo_mowi_nie_koszty_ukrytego_stresu_wyd_20-9788383822174
9788383823850,/en/lezac_na_kozetce_powiesc_psychoterapeutyczna-9788383823850
9788383824833,/en/czlowiek_w_poszukiwaniu_sensu-9788383824833
9788383870748,/en/deadline-9788383870748
9788383870830,/en/dzieci_lwa-9788383870830
9788383871035,/en/pierwsza_dama_jolanta_kwasniewska_w_rozmowie_z_emi-9788383871035
9788383871974,/en/male_zycie_wyd_4-9788383871974
9788383873046,/en/intermezzo-9788383873046
9788383873930,/en/na_zawsze_razem-9788383873930
9788383873947,/en/jestes_wszystkim-9788383873947
9788383874531,/en/kolory_zla_tom_5_blekit-9788383874531
9788383875088,/en/lubie_naklejac_owady_i_inne_male_stworzenia-9788383875088
9788383875255,/en/kiedy_wyklul_sie_ksiezyc-9788383875255
9788383875286,/en/szklany_tron_tom_2_korona_w_mroku-9788383875286
9788383875316,/en/szklany_tron_tom_1_wyd_2025-9788383875316
9788383875392,/en/bajtel-9788383875392
9788383877006,/en/moc_ziol_zielarki_i_ich_sekretne_przepisy-9788383877006
9788383880068,/en/gwiazdy_pop_top_modelki-9788383880068
9788383880082,/en/modne_dodatki_top_modelki-9788383880082
9788383910123,/en/matki_konstancina-9788383910123
9788383910154,/en/polska_na_odwyku-9788383910154
9788383910444,/en/wywierzysko-9788383910444
9788383910451,/en/biuro_ludzi_zagubionych-9788383910451
9788383910512,/en/sonderkommando_w_piekle_komor_gazowych-9788383910512
9788383910529,/en/zosilla_i_zaczarowane_jagody-9788383910529
9788383910550,/en/weekend_w_konstancinie-9788383910550
9788383910604,/en/pudelko_pelne_starych_spraw-9788383910604
9788383910666,/en/nie_wolno_mi_kochac_ciebie_przewrotny_los_tom_1-9788383910666
9788383910819,/en/wspoluzaleznione-9788383910819
9788383911489,/en/mezczyzna_na_zakrecie_punkty_zwrotne_w_zyciu_facet-9788383911489
9788383911496,/en/antysemickie_chrzescijanstwo-9788383911496
9788383911731,/en/nie_wymiekaj-9788383911731
9788383949093,/en/blawatek-9788383949093
9788383970011,/en/milosc_all_inclusive-9788383970011
9788383980010,/en/ktos-9788383980010
9788383980034,/en/bzzz_na_skrzydlach_przygody-9788383980034
9788383980058,/en/bazyli_koparka_i_wielkie_burzenie-9788383980058
9788383980065,/en/bazyli_koparka_i_akcja_strazacka-9788383980065
9788383980133,/en/kosmiczna_akademia_2-latka-9788383980133
9788383980140,/en/kosmiczna_akademia_3-latka-9788383980140
9788383980157,/en/kosmiczna_akademia_4-latka-9788383980157
9788383980164,/en/kosmiczna_akademia_5-latka-9788383980164
9788383980171,/en/akademia_2-latka_z_zajaczkiem_milusiem-9788383980171
9788383980188,/en/akademia_3-latka_ze_swinka_lucynka-9788383980188
9788383980195,/en/akademia_4-latka_z_pieskiem_kacperkiem-9788383980195
9788383980201,/en/akademia_5-latka_z_kucykiem_kasztankiem-9788383980201
9788383980263,/en/kaligrafia_i_ja_literki-9788383980263
9788383980287,/en/kaligrafia_i_ja_cyferki-9788383980287
9788384020005,/en/najlepsze_umysly_geniusz-_przyjaciel-_morderca_tra-9788384020005
9788384020043,/en/a_las_pamieta-9788384020043
9788384020050,/en/apetyt_na_wiecej-9788384020050
9788384020647,/en/o_czym_szumi_ocean-9788384020647
9788384020678,/en/skazana_za_milosc-9788384020678
9788384020685,/en/raport_kruka-9788384020685
9788384020692,/en/przepraszam-9788384020692
9788384020715,/en/myszonek_wyrusza_w_rejs_myszonek-9788384020715
9788384020722,/en/gonitwa_chmur-9788384020722
9788384020739,/en/escobar-9788384020739
9788384020746,/en/w_owczej_skorze-9788384020746
9788384020760,/en/dobra_energia_popraw_swoj_metabolizm_i_zyj_dlugo_w-9788384020760
9788384021545,/en/pamietnik_lokatorki-9788384021545
9788384021552,/en/widunka-9788384021552
9788384021651,/en/kasprowy-9788384021651
9788384021668,/en/wojenne_siostry-9788384021668
9788384021743,/en/wiezy_krwi_wladza-_przywileje_i_zbrodnie_rodziny_m-9788384021743
9788384021910,/en/ofiara-9788384021910
9788384022443,/en/wymarzona_rodzina-9788384022443
9788384080207,/en/zlamany_miecz-9788384080207
9788384160213,/en/kazik_sie_zgubil-9788384160213
9788384160312,/en/wyprawa_po_skarb_kicia_kocia-9788384160312
9788384180396,/en/rycerz_i_cma_krolestwo_kamiennego_zrodla_tom_1-9788384180396
9788385534044,/en/to_ja-_panda_wielka-9788385534044
9788385534051,/en/to_ja_wiewiorka_-_cogito-9788385534051
9788385534082,/en/to_ja-_pingwin-9788385534082
9788385534099,/en/to_ja-_delfin-9788385534099
9788385594819,/en/inteligencja_emocjonalna_w_praktyce-9788385594819
9788385841807,
9788386086221,/en/zapomniane_pocalunki-9788386086221
9788386311200,
9788386311217,
9788386311224,
9788386311231,
9788386311750,
9788386311767,
9788386311774,
9788386311781,
9788386311798,
9788386311804,
9788386311811,
9788386311828,
9788386660551,
9788387025588,/en/najwiekszy_kupiec_swiata-9788387025588
9788387025779,/en/pokochaj_siebie-_ulecz_swoje_zycie_cwiczenia-9788387025779
9788387025793,/en/powrot_do_swego_wewnetrznego_domu_jak_odzyskac_i_o-9788387025793
9788387025830,/en/twoja_wewnetrzna_moc_poradnik_udanego_zycia_dla_ko-9788387025830
9788387025847,/en/zycie_refleksje_na_temat_naszej_drogi_zyciowej-9788387025847
9788387534486,/en/jak_nie_chorowac-9788387534486
9788387730963,/en/macierzynstwo_ciaza_i_porod-9788387730963
9788388141270,/en/grzeczne_dziewczynki_ida_do_nieba-_niegrzeczne_ida-9788388141270
9788388722578,/en/druga_szansa-9788388722578
9788388736698,/en/samotny_boj_warszawy-9788388736698
9788388918704,
9788389009630,/en/dermatologia_podrecznik_dla_studentow_kosmetologii-9788389009630
9788389011633,/en/allah_20-9788389011633
9788389133540,/en/dobry_potwor_nie_jest_zly-9788389133540
9788389301567,/en/dzoncio-9788389301567
9788389301758,
9788389344793,/en/honor_zolnierza_1939-9788389344793
9788389375148,/en/swietlista_sila_aniolow_karty-9788389375148
9788389535412,/en/ilustrowany_atlas_szkolnyatlas_anatomii_czlowieka-9788389535412
9788389535511,/en/ilustrowany_atlas_szkolny_atlas_historyczny-9788389535511
9788389632777,/en/emocje_wolni_od_zlosci-_zazdrosci_i_strachu-9788389632777
9788389635617,/en/english-polish_dictionary_and_phrasebook_your_perf-9788389635617
9788389635891,/en/a_short_course_of_polish_language_grammar_dialogue-9788389635891
9788389774514,/en/wojtek_spod_monte_cassino-9788389774514
9788389812537,/en/sila_woli_fundament_zyciowego_sukcesu-9788389812537
9788389896698,/en/cztery_umowy_droga_do_wolnosci_osobistej-9788389896698
9788389951823,/en/hybrydy-9788389951823
9788390138411,/en/ortografia_na_bardzo_dobry-9788390138411
9788391325612,/en/biblia_w_obrazkach_dla_najmlodszych-9788391325612
9788391325629,/en/ilustrowana_biblia_dla_dzieci-9788391325629
9788391325636,/en/biblia_w_obrazkach_dla_najmlodszych_stary_i_nowy_t-9788391325636
9788391325698,/en/biblia_dla_dzieci-9788391325698
9788392256144,/en/bogaty_ojciec_biedny_ojciec_czego_bogaci_ucza_swoj-9788392256144
9788392513407,/en/bogata_kobieta_poradnik_inwestycyjny_dla_kobiet_po-9788392513407
9788392523635,/en/transerfing_rzeczywistosci_tom_1_przestrzen_warian-9788392523635
9788392523642,/en/transerfing_rzeczywistosci_tom_2_szelest_porannych-9788392523642
9788392523697,/en/transerfing_rzeczywistosci_tom_3_naprzod_w_przeszl-9788392523697
9788392615927,/en/prosta_metoda_jak_skutecznie_rzucic_palenie-9788392615927
9788392627623,/en/nocnik_nad_nocnikami_dziewczynka-9788392627623
9788392627630,/en/nocnik_nad_nocnikami_chlopiec-9788392627630
9788393240524,/en/glowka_pracuje_tescik_rozwiazuje_sprawdziany_wiedz-9788393240524
9788393240562,/en/glowka_pracuje_tescik_rozwiazuje_3_sprawdziany_wie-9788393240562
9788393388691,/en/niemozliwe-9788393388691
9788393771141,/en/gowno_sie_pali-9788393771141
9788393800865,/en/wy_wszyscy_moi_ja_wyd_2-9788393800865
9788393894291,/en/niebezpieczne_zwiazki_bronislawa_komorowskiego-9788393894291
9788394093013,/en/skuteczne_sposoby_inwestowania_w_nieruchomosci-9788394093013
9788394136949,/en/dama_z_blizna-9788394136949
9788394205911,/en/edu_karty_jezyk_angielski__gra_memo-9788394205911
9788394209896,/en/corka_pedofila-9788394209896
9788394218409,/en/kochaj_albo_zyj_krolowa_bierze_wszystko-9788394218409
9788394239428,/en/bylo_sobie_zycie_miniencyklopedia_miniencyklopedia-9788394239428
9788394239480,/en/bylo_sobie_zycie_komiks-9788394239480
9788394293468,/en/niebezpieczne_zwiazki_andrzeja_leppera_kto_naprawd-9788394293468
9788394327217,/en/nowe_czytanki_o_dobrej_zmianie_lektury_z_cwiczenia-9788394327217
9788394340605,/en/nicki_i_maly_chinski_smok-9788394340605
9788394347710,/en/machina_przez_chiny-9788394347710
9788394410537,/en/chce_byc_szczesliwy_i_bogaty_a_nie_tylko_szczesliw-9788394410537
9788394434564,/en/pirackie_opowiesci_czesc_5_piraci_i_odczarowana_kr-9788394434564
9788394515829,
9788394515836,
9788394567200,/en/mapa_polski_a2_ogolnogeograficzna-administracyjna_-9788394567200
9788394582906,/en/pogorzelisko-9788394582906
9788394582913,/en/ksiadz_historia_zawierzenia_silniejszego_niz_niena-9788394582913
9788394582999,/en/niebezpieczne_zwiazki_donalda_tuska-9788394582999
9788394631055,/en/12_zyciowych_zasad_antidotum_na_chaos-9788394631055
9788394652852,/en/zasady_zwyciezcow-9788394652852
9788394652869,/en/kawiarnia_na_koncu_swiata_opowiesc_o_sensie_zycia-9788394652869
9788394725426,/en/wszystkie_dzieci_louisa-9788394725426
9788394732516,/en/dziewczyny_z_dubaju-9788394732516
9788394732530,/en/diler_gwiazd-9788394732530
9788394761141,/en/przebudzenie_lisicy-9788394761141
9788394762605,/en/dwie_sekundy_przed_cudem-9788394762605
9788394779009,/en/krolestwo_szachow_slonie_hannibala_i_napoleon-9788394779009
9788394801304,/en/tozsamosc_nieznana-_nn-9788394801304
9788394808235,/en/monopoly_gra_o_wszystko-9788394808235
9788394808303,/en/gryzio_czyli_o_zabkach_milosci_do_slodkosci_moja_p-9788394808303
9788394808310,/en/kupa_siku_juz_w_nocniku_moja_pierwsza_ksiazeczka_d-9788394808310
9788394808327,/en/o_lisa_zlosciach_u_bobra_w_gosciach_moja_pierwsza_-9788394808327
9788394808341,/en/moje_cialo_moja_pierwsza_ksiazeczka_do_czytania_i_-9788394808341
9788394854126,/en/dziadek_i_niedzwiadek_historia_prawdziwa-9788394854126
9788394916039,/en/fakty_musza_zatanczyc-9788394916039
9788394933005,/en/meskie_zwierzenia-9788394933005
9788395006920,/en/tamte_wakacje-9788395006920
9788395096228,
9788395110528,/en/sa_takie_koty-9788395110528
9788395110535,/en/gruffalo-9788395110535
9788395110566,/en/hej-_przedziadku-9788395110566
9788395138010,/en/glowka_olowka-9788395138010
9788395152238,/en/kobieta_niezalezna-9788395152238
9788395152269,/en/kobieta_asertywna-9788395152269
9788395156908,/en/opowiem_ci_o_zbrodni-9788395156908
9788395181511,/en/komisarz_pomiedzy_niebem_a_pieklem_nieprawdopodobn-9788395181511
9788395181566,/en/rozprawa_o_zabijaniu_i_zmartwychwstaniu-9788395181566
9788395181580,/en/powrot_do_jedwabnego-9788395181580
9788395199202,/en/pisarka_trylogia_autorska_tom_1-9788395199202
9788395207808,/en/balwanek_i_zaczarowana_bombka-9788395207808
9788395238901,
9788395243325,/en/ukochane_rownanie_profesora-9788395243325
9788395274343,/en/tadam_czyli_logpedia_3_gimnastyka_jezyka-9788395274343
9788395274350,/en/o_la_la_czyli_logpedia_5_gimnastyka_jezyka-9788395274350
9788395351105,/en/25_gramow_szczescia_historia_kolczastego_stworzeni-9788395351105
9788395352300,/en/przyjaciel-9788395352300
9788395366918,/en/krolewny_jezdza_metrem_zapiski_z_londynu-9788395366918
9788395372209,/en/ninja_timmy_i_polowanie_na_skradziony_smiech-9788395372209
9788395372261,/en/co_cie_martwi-9788395372261
9788395397516,/en/gwiazdy_nigdy_nie_gasna-9788395397516
9788395414336,/en/kot_platon_i_zagadka_dzielnosci-9788395414336
9788395433801,/en/planer_wakacyjny_dla_dzieci-9788395433801
9788395436802,/en/bejbi-9788395436802
9788395443183,/en/dran-9788395443183
9788395530081,/en/grobowa_cisza_zalobny_zgielk-9788395530081
9788395545818,/en/zapis_zarazy-9788395545818
9788395545825,/en/powrot_do_jedwabnego_2-9788395545825
9788395545825,/en/powrot_do_jedwabnego_2-9788395545825
9788395545856,/en/powrot_do_jedwabnego_tom_3_to_tylko_polin-9788395545856
9788395545894,/en/nienasza_wojna_zmierzch_swiata-_jaki_znamy-9788395545894
9788395548604,
9788395550805,/en/zgin_kochanie-9788395550805
9788395558597,/en/natalka_i_motylki_czytamy_sylabami_poziom_1-9788395558597
9788395569807,
9788395569814,
9788395656279,/en/tajne_przez_magiczne-9788395656279
9788395733116,/en/theta_healing_dociekanie_przekonan-9788395733116
9788395770869,/en/opowiem_ci_bajke-9788395770869
9788395788499,/en/to_po_prostu_dziala_prawo_przyciagania_moja_histor-9788395788499
9788395794049,/en/wyspa_cieni-9788395794049
9788395836671,/en/mycie_zebow_to_swietna_zabawa_ksiazeczka_aktywizuj-9788395836671
9788395838101,/en/oddychaj_kreuj_kochaj_badz-9788395838101
9788395845307,/en/poradnik_emrego_o_sztuce_zdobywania_przyjaciol_i_w-9788395845307
9788395854743,/en/kajwalia-9788395854743
9788395858826,/en/nigdy_nie_wygrasz-9788395858826
9788395861000,/en/nieludzko_piekna_jesien-9788395861000
9788395879616,/en/janka-_historia_ktorej_nie_znacie-9788395879616
9788395879623,
9788395879647,
9788395879654,/en/caly_ten_chaos-9788395879654
9788395879661,/en/dziekuje_za_moje_dziecinstwo-9788395879661
9788395879678,/en/dlaczego_nasze_dzieci_przestaly_byc_szczesliwe_rol-9788395879678
9788395879685,/en/stasiu-_milosci_ty_nasza-9788395879685
9788395879692,/en/smak_zycia__z_wdziecznosci_dla_mai-9788395879692
9788395889738,/en/silos_tom_1-9788395889738
9788395889745,/en/zmiana_silos_tom_2-9788395889745
9788395889752,/en/pyl-9788395889752
9788395900747,/en/koniec_dnia-9788395900747
9788395918902,/en/osmy_kontynent_przez_7_kontynentow_w_glab_umyslu_h-9788395918902
9788395930607,/en/sluszny_wybor-9788395930607
9788395952647,/en/wielorodzina-9788395952647
9788395974403,
9788395974410,
9788395977503,/en/miasteczko_glodnych_dusz-9788395977503
9788396019103,/en/prawdziwa_historia_krolowej_zycia-9788396019103
9788396019141,/en/prawdziwa_historia_krolowej_zycia_za_kratami-9788396019141
9788396025500,/en/harper_i_zagubiona_wiedza-9788396025500
9788396037701,/en/swiadomie_po_zdrowie_i_odpornosc_organizmu-9788396037701
9788396049827,/en/poza_porzadek_kolejne_12_zyciowych_zasad-9788396049827
9788396060709,/en/moje_krzyzowki_i_inne_zabawy_edukacyjne_5-8_lat-9788396060709
9788396079374,/en/rozmowy_z_bogiem_ksiega_1-9788396079374
9788396079398,/en/rozmowy_z_bogiem_ksiega_4-9788396079398
9788396079800,/en/ogrod_pelen_emocji-9788396079800
9788396101204,/en/lewandowski_jak_wygrac_marzenia-9788396101204
9788396110121,/en/krzyzowki_dla_dzieci_7-12_lat-9788396110121
9788396111777,/en/imperator_czarne_ziemie-9788396111777
9788396124111,/en/magda-9788396124111
9788396146144,/en/opowiesci_z_sudeckiej_puszczy_jesien-9788396146144
9788396146182,/en/czerwona_ziemia-9788396146182
9788396146199,/en/scenariusze_zajec_i_zabaw_dla_dzieci_jesien-9788396146199
9788396146205,/en/zielona_lodz_podwodna_przedziadka-9788396146205
9788396249012,/en/elementarz_3-latka_wielka_akademia-9788396249012
9788396249081,/en/10_uczuc_wyprawa_do_swiata_emocji-9788396249081
9788396278913,/en/escape_book_klatwa_faraona_zgaduj_rozwiazuj_wydost-9788396278913
9788396278920,/en/escape_book_zaginiona_wyspa_skarbow_zgaduj_rozwiaz-9788396278920
9788396278951,/en/elementarz_4-latka_wielka_akademia-9788396278951
9788396316967,/en/to_czego_szukasz_szuka_takze_ciebie-9788396316967
9788396352408,/en/manifest_codziennego_bohatera-9788396352408
9788396352439,/en/klub_5_rano_szczesliwy_poranek_zmienia_wszystko-9788396352439
9788396389503,/en/cos_nowego-9788396389503
9788396389558,/en/besties_na_zawsze_tom_1-9788396389558
9788396389565,/en/lovebirds_na_zawsze_tom_2-9788396389565
9788396392527,/en/nibylandia_muduko-9788396392527
9788396399007,
9788396440204,
9788396458292,/en/gniewa-9788396458292
9788396465801,/en/strefa_zgniotu_zapowiedz_globalnego_chaosu-9788396465801
9788396465825,/en/zakazana_prawda_ucieczka_od_wolnosci-9788396465825
9788396465887,/en/aneks_niebezpieczne_zwiazki_iii_rp-9788396465887
9788396632043,/en/opowiesci_z_bagien_zaspiewaj_dla_mnie-9788396632043
9788396646217,/en/rozmowy_z_bogiem_ksiega_2-9788396646217
9788396646231,/en/rozmowy_z_bogiem_ksiega_3-9788396646231
9788396673909,
9788396673947,
9788396673961,
9788396680945,/en/taki_piekny_most-9788396680945
9788396686305,/en/nic_nas_nie_zniszczy-9788396686305
9788396686329,/en/emanuel_skorka-9788396686329
9788396712141,
9788396717337,/en/poland_wer_angielska-9788396717337
9788396719737,/en/wszystko_sie_moze_zdarzyc-9788396719737
9788396749406,/en/dziadek_i_niedzwiadek_wyd_2-9788396749406
9788396795267,/en/syn_chaosu-9788396795267
9788396795281,/en/dziedziczka_z_dunoon-9788396795281
9788396832733,/en/przedpamiec_tom_1_osobliwosc-9788396832733
9788396846808,
9788396846822,
9788396869036,/en/opowiesci_z_bagien_zatancz_ze_mna-9788396869036
9788396914743,/en/moj_aniele-9788396914743
9788396928146,
9788396928153,
9788396928191,
9788396958563,
9788396958570,
9788396970640,
9788396980908,/en/ksiazeczka_a5_pamiatka_komunijna_ornament-9788396980908
9788396980939,/en/ksiazeczka_a5_pamiatka_komunijna_golab_z_hostia-9788396980939
9788397022805,/en/pomroki-9788397022805
9788397031845,/en/tu_mieszka_dobro-9788397031845
9788397047846,/en/tego_nie_kupisz_za_pieniadze_8_nawykow-_ktore_wzbo-9788397047846
9788397086401,/en/przysiega_wiernosci_krwawe_rozgrywki_tom_1-9788397086401
9788397121256,/en/poranek-przyjaciel-_ktory_doprowadzi_cie_do_celu-9788397121256
9788397137400,
9788397145528,/en/gordian_grzech_i_kara_wydanie_specjalne-9788397145528
9788397145535,/en/deweloper_ilustrowane_brzegi-9788397145535
9788397157309,
9788397157330,
9788397315020,/en/szkola_zon_tom_1-9788397315020
9788397315068,/en/pensjonat_marzen_szkola_zon_tom_2-9788397315068
9788412457100,/en/dziewczyny_z_dubaju_kulisy_dziennikarskiego_slewdz-9788412457100
9789556690491,
9789556690637,
9790274011901,/en/szkola_gry_na_gitarze_i_na_gitarze_hawajskiej-9790274011901
9791220115704,
9798332467127,
9798334756786,
9798387025471,/en/niezwykla_moc_swiadomego_oddychania_integracja_odd-9798387025471
9798388371713,
9798388763372,
9798388791214,
9798390854235,
9798391194378,
9798397025539,/en/wewnetrzne_przebudzenie_pierwszy_krok_ku_swiadomem-9798397025539
54490000000000,
97833801158344,
97883310119568,
97883328708051,
97883360446683,
97883365897459,
97883370237134,
97883372978981,
97883379760763,
97883380312661,
97883381232685,
97883808728875,
97883814591836,
003_DECAF,
0041_DECAF,
0042_DECAF,
005_DECAF,
0051_DECAF,
0052_DECAF,
0054_DECAF,
0055_DECAF,
006_DECAF,
0061_DECAF,
42-1,
50412709-1,
5902641334078 5902641331084,/en/kalendarz_2021_lux_dl_tygodniowy_czarny_kk-dlt-5902641334078
5902641334238 5902641331121,/en/kalendarz_2021_foto_a5_dzienny_roze_kk-a5d-5902641334238
5902641334290 5902641331039,/en/kalendarz_2021_lux_a5_dzienny_czarny_kk-a5d-5902641334290
5902641334351 5902641331046,/en/kalendarz_2021_lux_a5_tygodniowy_czarny_kk-a5t-5902641334351
9788302022432-1,
978-83-283-5668-9,/en/potega_podswiadomosci_modlitwy-9788328356689
AAA test,/en/mttc_latin_-_test_taking_strategies-9781647687274
ALOYALTYDRINK,
Ant9788363696351,
anty978830115081501,
anty9788308040713,
anty9788308048023,
anty9788308048368,
anty9788310121769,
anty9788310123299,
anty9788311136786,
anty9788320036152,
anty978832140095219,
anty9788321403021,
anty9788323502814,
anty9788324009169,
anty9788324020454,
anty9788324131846,
anty9788324133697,
anty9788324136469,
anty9788324136797,
anty9788324138692,
anty9788324515806,
anty9788324589814,
anty9788324591626,
anty9788324594634,
anty9788324613564,
anty9788324622887,
anty9788324708338,
anty9788326836169,
anty9788327413536,
anty9788327413543,
anty9788328008236,
anty9788328044234,
anty9788328702059,
anty9788328704428,
anty9788328715509,
anty9788360159521,
anty9788360159538,
anty9788360159545,
anty9788360446997,
anty9788361299653,
anty9788361516095,
anty9788361516293,
anty9788362195145,
anty9788362199754,
anty9788362478033,
anty9788362478279,
anty9788362482702,
anty9788363534004,
anty9788363696351,
anty9788365521903,
anty9788365781338,
anty9788365897077,
anty9788365973559,
anty9788366195059,
anty9788366431324,
anty9788367054966,
anty9788367324397,
anty9788372296344,
anty9788372782809,
anty9788373018648,
anty9788373019652,
anty9788373594630,
anty9788373596825,
anty9788373598508,
anty9788374149709,
anty9788374701730,
anty9788375061116,
anty9788375084115,
anty9788375100044,
anty9788375100051,
anty9788375100204,
anty9788375105834,
anty9788375171044,
anty9788375340884,
anty9788375360400,
anty9788375547108,
anty9788375549829,
anty9788375651485,
anty9788375651553,
anty9788375651843,
anty9788375652147,
anty9788375758597,
anty9788375780635,
anty9788375780642,
anty9788375956405,
anty9788376486741,
anty9788376590158,
anty9788376590622,
anty9788376593753,
anty9788376595399,
anty9788376596549,
anty9788376596730,
anty9788376597447,
anty9788376598390,
anty9788377460566,
anty9788377461198,
anty9788377478486,
anty9788377589618,
anty9788377691793,
anty9788377789384,
anty9788377796726,
anty9788377856826,
anty9788377991589,
anty9788377999202,
anty9788378239826,
anty9788378391661,
anty9788378853848,
anty9788378856559,
anty9788378858577,
anty9788379430390,
anty9788379433193,
anty9788379454563,
anty9788379821990,
anty9788379857586,
anty9788379992874,
anty9788380150492,
anty9788380152717,
anty9788380155565,
anty9788380316539,
anty9788380317499,
anty9788381031585,
anty9788381161916,
anty9788381391733,
anty9788381437691,
anty9788381691307,
anty9788381950367,
anty9788381950374,
anty9788382155723,
anty9788382802894,
anty9788382805222,
anty9788382951677,
anty9788387964269,
anty9788389291929,
anty9788389314383,
anty9788389595331,
anty9788389595485,
anty9788389595591,
anty9788389640017,
anty9788389640024,
anty9788389640048,
anty9788389640093,
anty9788389640529,
anty9788389640840,
anty9788389951823,
anty9788392192220,
anty9788392611448,
anty9788393150502,
anty9788396019103,
baby_shark_3d,
BRANSOLETKA_POP,
BRELOK_BEST_MUMMY,
BRELOK_BIALY_KOT,
brelok_duzy-smok_zielony,
BRELOK_KOT,
BRELOK_LEW,
BRELOK_MALPA,
BRELOK_PIES,
BRELOK_SLON,
brelok_smok_czarny,
brelok_smok_maly_fioletowy,
brelok_smok_szczerbatek,
BRELOK_SWIETA,
BRELOK_ZEBRA,
BRELOK_ZYRAFA,
CAFE_AFFOGATO,
CHUSTA DUŻA,/en/chusta_babci-9788377760444
CHUSTA MAŁA,/en/chusta_babci-9788377760444
CIAPEK,/en/ciapek-9788364426605
CIAPEK_KOLOROWANKA,
Ciasto Dnia (Piekarnia)TAKEOUT,/en/pyszne_ciasta_czyli_ciasta_i_ciasteczka_na_slodko_-9788376485980
Ciasto Marchewkowe TAKEOUT,/en/pyszne_ciasta_czyli_ciasta_i_ciasteczka_na_slodko_-9788376485980
CIASTO_CZEKOLADOWE,
CIASTOMARCHEWKOWE,
CIASTOPIEKARNIA,
CINNAMON_COFFEE,
CINNAMON_COFFEE_DECAF,
COCONUT_RASPBERRY_LATTE,
COCONUT_RASPBERRY_LATTE_DECAF,
CREME_BRULEE,
CUKIERNICA,/en/cukiernica_z_fotografii_wielkie_litery-9788382808995
CYTRYNOWIEC,
CYTRYNOWIEC_TAKEOUT,
CZEKOLADOWE_TAKEOUT,
CZEKOLADOWY_MUS,
DECAF_GINGERBREAD_SPICE_WITH_ORANGE,
DLUGOPIS_LASER_CUT,
FARTUCH,/en/oddasz_fartucha_czyli_facet_w_kuchni-9788324089154
FILIŻANKI BASIA,/en/basia_i_upal_w_zoo_basia_i_przedszkole_basia_i_now-9788376085746
FLAT_WHITE_COFFEE,
FLAT_WHITE_COFFEE_DECAF,
French Dictionary,/en/easy_learning_french_dictionary-9780008300258
GINGER_MILK_LATTE,
GINGER_MILK_LATTE_DECAF,
GINGERBREAD_SPICE_WITH_ORANGE,
GNIAZDKO,/en/szczesliwe_gniazdko_i_inne_humoreski-9788389640192
GORACEMLEKO,
GRA_WODNA_RETRO,
GUMKI_SMILE,
HERBATA_EARL_GREY,
HERBATA_MALINOWA_Z_CYTRYNA,
HERBATA_Z_IMBIREM_MIODEM_CYTRYNA,
HERBATA_Z_POMARANCZA_I_CYNAMONEM,
HERBATAMIETOWA,
HONEY_RASPBERRY_COFFE,
HONEY_RASPBERRY_COFFE_DECAF,
JABŁECZNIK,
Jabłecznik TAKEOUT,
JAGODZIANKA,/en/swider_mienia_jagodzianka_przewodnik_kajakowy-9788366371033
jajko_wielkanoc_niebieskie,
JASKÓŁKI,/en/wiedzmin_6_wieza_jaskolki-9788375780680
JEDNAKCADDICK,
KAPCIE_FOLK,
kartonik,/en/kartonik_maska_wulkaniczny_detoks-0763100414008
kartonik jabłkowy,/en/kartonik_maska_wulkaniczny_detoks-0763100414008
KAWA_KOLOROWA,
KAWAZIARNISTA1KG,
KAWAZIARNISTA250,
KAWAZIARNISTA500,
KIELISZKI,/en/antropologia_a_nacjonalizm_w_mysli_johanna_gottlie-9788388125867
KOBIETY_Z_PASJA_MARTA_URBAN,
KORALE_FOLK,
KOSTKA_RUBIKA,
KOSZULKA_LOWICKA_L/XL_CZARNA_FOLK,
KOSZULKA_LOWICKA_L/XL_FOLK,
KUBEK HELENKA,/en/akiko_i_helenka_czytam_sobie_poziom_2-9788327670632
KUBEK STEFAN 500ML,/en/kubek_kempingowy_fly_fishing_-_500ml-0840214801532
KUBEK STEFANIA,/en/odkryj_swoje_wewnetrzne_dziecko_klucz_do_rozwiazan-9788381350068
KUBEK ZOSIA,/en/kubek_zosia_-_wycinanka_koguty_lowickie_folkstar-5901845109192
KUBEKTERMICZNYDUZY,
KUBEKTERMICZNYMALY,
LESNY_MECH,
LESNY_MECH_TAKEOUT,
LODY_1_GALKA,
LODY_2_GALKI,
LODY_3_GALKI,
LODY_BAKALIOWE_LOVE,
LODY_CZEKOLADOWE_ZACISZE,
LODY_DODATEK,
LODY_OGROD_PELEN_EMOCJI,
LODY_PISTACJOWE_,
LOTUS_BISCOFF_LATTE,
LOTUS_BISCOFF_LATTE_DECAF,
LP72770,
M0D2055603919,
M0D2058305400,
M0D2058305411,
M8024,
Macaron Brownie,/en/korektor_w_tasmie_macaron__3_x_12_m-6973504001276
MAGICZNY_MAZAK_UV,
Malinowa Chmurka TAKEOUT,/en/fisher_price_senna_chmurka_-_usypiacz_do_lozeczka-0887961809480
MALINOWACHMURKA,
MASHAMLLOWS,
MIODOWNIK,/en/w_rzeczy_samej_osobliwe_historie_wspanialych_mater-9788365271082
MIODOWNIK_TAKEOUT,
MLEKOPORCJA,
MLEKOPORCJA-1,
MUFFINKACZEKOLADA,
MUFFINKACZEKOLADA_TAKEOUT,
MUFFINKAJAGODA,
MUFFINKAJAGODA_TAKEOUT,
MUFFINKAMALINA,
MUFFINKAMALINA_TAKEOUT,
NIEDZWIEDZ_WOJNY,
Nieoczywista antalogia,/en/czarne_z_bialym_zapiski_nieoczywiste-9788327738073
NOSKU-001,
NOSKU-002,
NOSKU-003,
NOSKU-004,
NOSKU-005,
NOSKU-006,
NOSKU-007,
NOSKU-008,
NOSKU-009,
NOSKU-010,
NOSKU-011,
NOSKU-012,
NOSKU-013,
NOSKU-014,
NOSKU-016,
NOSKU-017,
NOSKU-018,
NOSKU-019,
NOSKU-020,
NOSKU-021,
NOSKU-022,
NOSKU-023,
NOSKU-024,
NOSKU-025,
NOSKU-025321,
NOSKU-026,
NOSKU-027,
NOSKU-029,
NOSKU-030,
NOSKU-031,
NOSKU-032,
NOSKU-033,
NOSKU-034,
NOSKU-035,
NOSKU-036,
NOSKU-037,
NOSKU-038,
NOSKU-040,
NOSKU-041,
NOSKU-042,
NOSKU-043,
NOSKU-044,
NOSKU-045,
NOSKU-046,
NOSKU-047,
NOSKU-048,
NOSKU-049,
NOSKU-050,
NOSKU-051,
NOSKU-052,
NOSKU-053,
NOSKU-054,
NOSKU-055,
NOSKU-056,
NOSKU-057,
NOSKU-058,
NOSKU-059,
NOSKU-060,
NOSKU-061,
NOSKU-062,
NOSKU-063,
NOSKU-064,
NOSKU-066,
NOSKU-067,
NOSKU-068,
NOSKU-070,
NOSKU-071,
OKULARY,/en/okulary-9788382077667
OLOWEK_GIETKI,
osmiornica_3d_octopus,
OTULACZ,/en/otulacz_owieczka-4001998396485
PĄCZEK,/en/paczka_paczka_bibula_marszczona_50x200_czerwony_ci-5904378990657
PANNA_COTTA,
PARASOL_FOLK,
PILECZKA_GLOBUS,
PLUSZAK_10cm_maly,
PODKLADKA-1,
POKAZDEJBURZY,
PORTFEL DUŻY,/en/portfel_duzy_-_autumn_leaves-5018997629796
PORTFEL MAŁY,/en/portfel_maly_seria_jane_anekke-8433799905430
PORTMONETKA,/en/portmonetka-5902496189564
REKLAMOWKA,/en/operacja_reklamowka-9788380087446
REPETYTORIUM SŁOWNICTWO I ĆWICZENIA,/en/nowe_repetytorium_slownictwo_i_cwiczenia_jezyk_ros-9788374761420
roza_3d,
SANDWICH_CHEESE_SALAD,
SANDWICH_EGG_MAYO,
SANDWICH_HAM_CHEESE_SALAD,
SANDWICH_TUNA_MAYO_SALAD,
SEA_SALT_CARAMEL,
serce_z_nozkami,
SERNIK,/en/ciasta_z_blachy_placki_drozdzowe-_biszkopty-_babki-9788377070963
Sernik Dnia (Piekarnia) TAKEOUT,/en/365_dni-9788381176477
Sernik Domowy TAKEOUT,/en/serniki_swiata_najlepsze_przepisy-9788377731222
SERNIK LOTUS BISCOFFF,/en/ciasta_z_blachy_placki_drozdzowe-_biszkopty-_babki-9788377070963
SERNIK_LOTUS_ BISCOFFF_TAKEOUT,
SERNIKDOMOWY,
SERWETKI,/en/serwetki_paski_czarne_33x33cm_20szt-5902230736726
smok_serce_czarny,
smok_serce_czerwony,
SOKPOMSZKLAN,
SWIDERKI_DUZY,
SWIDERKI_MALY,
SWIDERKI_SREDNI,
SWIECA_FOLK,
SYROP,/en/syrop_z_piolunu_wygnani_w_akcji-9788381914154
SZARLOTKA,/en/serniki_szarlotki_makowce-9788378394624
SZARLOTKA_TAKEOUT,
SZARLOTKA_Z_LODAMI,
TARTA_CYTRYNOWA,
TARTA_TRILLIONAIRE,
Tartaletka TAKEOUT,
TIRAMISU,/en/krolowa_tiramisu-9788375541441
TIRAMISU_SZKL,
TIRAMISU_TAKEOUT,
TKDH12H94-1,
TKDH12H94-3,
TKDH12H94-5,
TKDH12H94-6,
TKDN12N19-2,
TKDN12N19-3,
TKDN12N19-6,
VANILLA_CINAMMON_LATTE,
VANILLA_CINAMMON_LATTE_DECAF,
Veggie,/en/ohveggie-9788383570334
WAFELEK,/en/lalaloopsy_babies_lodowa_wafelka-0035051529880
WAZON BUT FIOLET,/en/buty_dla_lalki_baby_born_fiolet-400116781949401
WAZON CZERWONA RÓŻA,/en/czerwona_roza-_biala_roza-9788374146852
WAZON DUŻY STORCZYK,/en/storczyki_uprawa_i_pielegnacja_wyd_2023-9788377636893
WAZON FLAMING,/en/gigantyczne_jajko_flaminga_-_wykluwajacy_sie_flami-5038728139110
WAZON KWIATY FIOLET,/en/swiecacy_wazon_z_kwiatami_magiczne_akcesoria_lum_l-0076666262465
WAZON MAGNOLIA PASTEL,/en/aleja_magnolii-9788366297098
WAZON PALMA,/en/palm-istry_digipack-5901448115866
"WAZON PTAK, KREMOWY",/en/wiosenny_sizal_dekoracyjny_kremowy_kremowy-5902934233408
WOREK_FOLK,
WUZETKA,
WUZETKATAKEOUT,
WYSYLKA 4.00,/en/tasma_pakowa_do_wysylek_scotch_hot-melt_371-_50mm--8000280405269
WYSYLKA 7.00,/en/tasma_pakowa_do_wysylek_scotch_hot-melt_371-_50mm--8000280405269
ZAKLADKA PAPIEROWA MOTYL,/en/audiobook_kobiecosc_ucielesniona_-papierowy_motyl-9788363818128
zakladka_jelen_w_lesie,
ZAKLADKA_MAG_DINO,
ZAKLADKA_MAG_DINO,
ZAKLADKA_MET_ZAWIESZKA,
zakladka_sowa,
zakladka_wiedzmin_czarna,
zakladka_wiedzmin_szary_wilk,
ZAKLADKAMAGSTAR,
ZAKLADKA-MET-AMERYKA,
ZAKLADKA-MET-BATMAN,
ZAKLADKA-MET-CZARNA,
ZAKLADKA-MET-KLON,
ZAKLADKA-MET-KLON-JAPON,
ZAKLADKA-MET-KOLKO,
ZAKLADKA-MET-KWIATKI1,
ZAKLADKA-MET-KWIATKI2,
ZAKLADKA-MET-MOTYL,
ZAKLADKA-MET-TRANSFORMERS,
ZAKLADKA-MET-TROJKAT,
ZAKLADKA-MET-WAZKA,
ZAKLADKA-MET-ZLOTA-MALA,
ZAKLADKAPAPIEROWA,
ZAKLADKAPAPIEROWA ZDRAPKA+PATYCZEK,/en/mapa_zdrapka_dla_dwojga_-_ulepszona_zdrapka-5906660862246
ZAKLADKA-ZODIAK,
